Table with row headers in columns A and B and column headers in rows 4 through 6,,,,,,,,,,,
"Table 1. Reported Voting and Registration, by Sex and Single Years of Age: November 2024",,,,,,,,,,,
(Numbers in thousands),,,,,,,,,,,
Characteristics,,Total population,United States citizen,,,,,,,Total population,
,,,Total citizen population,Reported registered,Reported not registered,No response to registration1,Reported voted,Reported not voted,No response to voting2,Reported registered,Reported voted
,,,,Number,Number,Number,Number,Number,Number,Percent,Percent
BOTH SEXES,Total 18 years and over,"260,363","236,138","173,854","28,009","34,275","154,308","48,480","33,351",66.8,59.3
BOTH SEXES,18 to 24 years,"29,986","27,548","16,052","5,955","5,542","13,150","9,033","5,366",53.5,43.9
BOTH SEXES,25 to 34 years,"44,385","38,963","26,637","6,156","6,170","22,148","10,928","5,887",60.0,49.9
BOTH SEXES,35 to 44 years,"44,380","38,229","27,920","4,859","5,450","24,340","8,555","5,334",62.9,54.8
BOTH SEXES,45 to 54 years,"40,089","35,422","27,091","3,457","4,874","24,339","6,271","4,812",67.6,60.7
BOTH SEXES,55 to 64 years,"41,115","37,982","29,584","3,400","4,997","27,015","6,016","4,951",72.0,65.7
BOTH SEXES,65 to 74 years,"35,236","33,753","27,161","2,504","4,088","25,389","4,352","4,011",77.1,72.1
BOTH SEXES,75 years and over,"25,172","24,242","19,410","1,677","3,155","17,928","3,325","2,989",77.1,71.2
BOTH SEXES,18 years,"4,474","4,258","1,872","1,191","1,196","1,586","1,505","1,167",41.8,35.5
BOTH SEXES,19 years,"4,062","3,796","2,233",924,639,"1,744","1,452",601,55.0,42.9
BOTH SEXES,20 years,"4,100","3,733","2,116",883,733,"1,664","1,370",699,51.6,40.6
BOTH SEXES,21 years,"4,256","4,014","2,318",791,906,"1,887","1,299",829,54.5,44.3
BOTH SEXES,22 years,"4,286","3,865","2,440",753,672,"2,054","1,126",685,56.9,47.9
BOTH SEXES,23 years,"3,952","3,555","2,323",627,606,"1,939","1,000",617,58.8,49.1
BOTH SEXES,24 years,"4,857","4,326","2,751",785,790,"2,276","1,282",769,56.6,46.9
BOTH SEXES,25 years,"4,029","3,604","2,316",641,648,"1,852","1,110",642,57.5,46.0
BOTH SEXES,26 years,"4,450","3,881","2,598",532,751,"2,227",936,718,58.4,50.0
BOTH SEXES,27 years,"4,220","3,718","2,411",683,623,"1,958","1,134",626,57.1,46.4
BOTH SEXES,28 years,"4,331","3,871","2,575",643,653,"2,134","1,155",582,59.4,49.3
BOTH SEXES,29 years,"4,382","3,757","2,671",657,428,"2,216","1,110",431,61.0,50.6
BOTH SEXES,30 years,"4,613","4,094","2,853",616,625,"2,375","1,107",611,61.8,51.5
BOTH SEXES,31 years,"4,455","3,916","2,756",580,580,"2,285","1,102",529,61.9,51.3
BOTH SEXES,32 years,"4,501","3,942","2,782",592,567,"2,288","1,093",561,61.8,50.8
BOTH SEXES,33 years,"4,501","3,918","2,729",555,635,"2,330","1,051",538,60.6,51.8
BOTH SEXES,34 years,"4,903","4,263","2,946",658,659,"2,483","1,130",650,60.1,50.6
BOTH SEXES,35 years,"4,506","3,932","2,681",613,639,"2,255","1,020",657,59.5,50.1
BOTH SEXES,36 years,"4,434","3,887","2,727",590,570,"2,364",974,549,61.5,53.3
BOTH SEXES,37 years,"4,367","3,784","2,821",456,507,"2,436",877,471,64.6,55.8
BOTH SEXES,38 years,"4,790","4,101","2,937",503,661,"2,608",845,647,61.3,54.5
BOTH SEXES,39 years,"4,409","3,684","2,696",509,479,"2,379",820,485,61.1,54.0
BOTH SEXES,40 years,"4,635","4,009","3,000",531,478,"2,635",930,444,64.7,56.8
BOTH SEXES,41 years,"4,217","3,659","2,753",436,471,"2,458",742,460,65.3,58.3
BOTH SEXES,42 years,"4,201","3,579","2,646",363,571,"2,271",757,551,63.0,54.1
BOTH SEXES,43 years,"4,183","3,561","2,687",417,456,"2,322",770,469,64.2,55.5
BOTH SEXES,44 years,"4,639","4,032","2,972",440,620,"2,611",820,602,64.1,56.3
BOTH SEXES,45 years,"4,052","3,545","2,787",353,406,"2,461",670,415,68.8,60.7
BOTH SEXES,46 years,"4,098","3,555","2,816",361,378,"2,496",704,355,68.7,60.9
BOTH SEXES,47 years,"4,092","3,566","2,675",330,561,"2,389",637,540,65.4,58.4
BOTH SEXES,48 years,"4,033","3,566","2,714",359,493,"2,425",656,486,67.3,60.1
BOTH SEXES,49 years,"3,723","3,166","2,399",309,458,"2,172",545,449,64.5,58.4
BOTH SEXES,50 years,"3,998","3,572","2,602",390,580,"2,348",655,570,65.1,58.7
BOTH SEXES,51 years,"3,815","3,380","2,651",265,464,"2,392",505,483,69.5,62.7
BOTH SEXES,52 years,"3,942","3,518","2,660",332,527,"2,389",597,533,67.5,60.6
BOTH SEXES,53 years,"4,078","3,644","2,744",436,464,"2,473",726,444,67.3,60.6
BOTH SEXES,54 years,"4,258","3,910","3,043",323,544,"2,795",578,537,71.5,65.6
BOTH SEXES,55 years,"4,115","3,733","2,911",343,478,"2,622",623,488,70.7,63.7
BOTH SEXES,56 years,"3,895","3,514","2,729",325,459,"2,546",516,452,70.1,65.4
BOTH SEXES,57 years,"3,874","3,482","2,621",337,524,"2,373",568,541,67.6,61.3
BOTH SEXES,58 years,"3,809","3,438","2,672",336,430,"2,456",581,402,70.1,64.5
BOTH SEXES,59 years,"4,323","4,086","3,141",352,593,"2,861",636,589,72.7,66.2
BOTH SEXES,60 years,"4,229","3,905","3,013",377,516,"2,707",699,499,71.2,64.0
BOTH SEXES,61 years,"4,323","4,020","3,107",363,550,"2,808",680,532,71.9,65.0
BOTH SEXES,62 years,"4,217","3,909","3,136",311,461,"2,918",516,474,74.4,69.2
BOTH SEXES,63 years,"4,065","3,809","3,028",291,489,"2,757",550,502,74.5,67.8
BOTH SEXES,64 years,"4,264","4,086","3,226",364,496,"2,966",647,473,75.7,69.6
BOTH SEXES,65 years,"3,754","3,566","2,779",277,510,"2,583",487,496,74.0,68.8
BOTH SEXES,66 years,"3,868","3,673","2,969",287,416,"2,790",474,410,76.8,72.1
BOTH SEXES,67 years,"3,925","3,688","2,947",267,474,"2,742",479,467,75.1,69.9
BOTH SEXES,68 years,"3,817","3,669","2,911",271,487,"2,741",445,483,76.3,71.8
BOTH SEXES,69 years,"3,774","3,615","2,911",323,380,"2,729",509,377,77.1,72.3
BOTH SEXES,70 years,"3,540","3,414","2,766",291,357,"2,549",500,365,78.1,72.0
BOTH SEXES,71 years,"3,510","3,399","2,705",255,439,"2,524",456,419,77.1,71.9
BOTH SEXES,72 years,"3,210","3,098","2,521",193,384,"2,375",348,375,78.5,74.0
BOTH SEXES,73 years,"2,945","2,848","2,345",177,326,"2,206",330,312,79.6,74.9
BOTH SEXES,74 years,"2,892","2,783","2,306",163,314,"2,151",324,308,79.7,74.4
BOTH SEXES,75 years,"2,760","2,642","2,124",202,316,"1,992",352,298,76.9,72.2
BOTH SEXES,76 years,"2,657","2,549","2,079",164,306,"1,962",284,303,78.3,73.8
BOTH SEXES,77 years,"2,797","2,708","2,235",151,323,"2,103",281,324,79.9,75.2
BOTH SEXES,78 years,"2,178","2,118","1,750",122,247,"1,590",300,229,80.3,73.0
BOTH SEXES,79 years,"1,643","1,588","1,299",101,187,"1,183",240,165,79.1,72.0
BOTH SEXES,80-84 years,"7,243","6,991","5,667",457,867,"5,249",928,814,78.2,72.5
BOTH SEXES,85 years and over,"5,894","5,646","4,256",481,909,"3,848",939,859,72.2,65.3
MALE,Total 18 years and over,"126,726","114,290","82,553","14,756","16,981","72,776","25,019","16,494",65.1,57.4
MALE,18 to 24 years,"15,069","13,766","7,748","3,091","2,926","6,085","4,827","2,853",51.4,40.4
MALE,25 to 34 years,"22,098","19,266","12,818","3,311","3,138","10,524","5,748","2,995",58.0,47.6
MALE,35 to 44 years,"22,094","18,856","13,343","2,685","2,828","11,597","4,556","2,703",60.4,52.5
MALE,45 to 54 years,"19,815","17,410","12,990","1,906","2,514","11,618","3,317","2,475",65.6,58.6
MALE,55 to 64 years,"20,098","18,514","14,330","1,834","2,351","13,017","3,178","2,320",71.3,64.8
MALE,65 to 74 years,"16,552","15,823","12,658","1,267","1,897","11,809","2,157","1,857",76.5,71.3
MALE,75 years and over,"11,000","10,655","8,666",661,"1,328","8,125","1,237","1,292",78.8,73.9
MALE,18 years,"2,341","2,241",987,646,608,840,804,597,42.1,35.9
MALE,19 years,"1,987","1,859","1,047",487,325,745,803,312,52.7,37.5
MALE,20 years,"2,149","1,957","1,065",431,460,763,754,439,49.6,35.5
MALE,21 years,"1,986","1,842","1,027",383,433,802,639,402,51.7,40.4
MALE,22 years,"2,252","2,014","1,197",462,355,974,661,379,53.2,43.3
MALE,23 years,"1,912","1,712","1,106",295,311,895,513,304,57.8,46.8
MALE,24 years,"2,442","2,140","1,318",387,435,"1,067",653,420,54.0,43.7
MALE,25 years,"2,071","1,823","1,103",363,358,851,595,377,53.2,41.1
MALE,26 years,"2,189","1,932","1,233",320,379,"1,037",535,361,56.3,47.3
MALE,27 years,"2,047","1,760","1,020",338,402,819,530,411,49.8,40.0
MALE,28 years,"2,118","1,878","1,281",292,305,"1,026",579,274,60.5,48.4
MALE,29 years,"2,235","1,905","1,358",340,207,"1,126",581,198,60.8,50.4
MALE,30 years,"2,155","1,888","1,286",326,276,"1,094",539,255,59.7,50.8
MALE,31 years,"2,204","1,932","1,337",298,297,"1,076",586,269,60.7,48.8
MALE,32 years,"2,313","2,018","1,368",342,307,"1,089",636,292,59.2,47.1
MALE,33 years,"2,286","1,998","1,412",324,262,"1,205",574,219,61.8,52.7
MALE,34 years,"2,478","2,133","1,421",368,344,"1,202",592,339,57.3,48.5
MALE,35 years,"2,335","1,997","1,271",363,364,"1,093",535,369,54.4,46.8
MALE,36 years,"2,272","2,005","1,318",365,322,"1,100",606,298,58.0,48.4
MALE,37 years,"2,067","1,754","1,265",211,279,"1,099",405,251,61.2,53.2
MALE,38 years,"2,391","2,015","1,389",324,302,"1,228",505,283,58.1,51.4
MALE,39 years,"2,144","1,825","1,325",261,239,"1,169",426,230,61.8,54.5
MALE,40 years,"2,360","2,025","1,483",283,259,"1,301",485,239,62.8,55.1
MALE,41 years,"2,136","1,809","1,312",265,232,"1,160",408,241,61.4,54.3
MALE,42 years,"2,083","1,746","1,271",189,285,"1,093",377,276,61.0,52.5
MALE,43 years,"2,059","1,741","1,288",221,232,"1,105",412,224,62.5,53.6
MALE,44 years,"2,247","1,938","1,420",204,314,"1,250",397,291,63.2,55.6
MALE,45 years,"1,950","1,706","1,286",195,225,"1,131",348,227,65.9,58.0
MALE,46 years,"2,047","1,734","1,354",178,201,"1,167",371,195,66.2,57.0
MALE,47 years,"2,025","1,729","1,270",196,263,"1,162",318,249,62.7,57.4
MALE,48 years,"1,989","1,764","1,309",218,237,"1,168",383,214,65.8,58.7
MALE,49 years,"1,878","1,582","1,182",182,218,"1,079",289,213,62.9,57.5
MALE,50 years,"1,943","1,745","1,219",203,323,"1,080",344,321,62.7,55.6
MALE,51 years,"1,907","1,731","1,325",151,255,"1,178",279,274,69.5,61.8
MALE,52 years,"2,018","1,803","1,336",174,294,"1,191",318,295,66.2,59.0
MALE,53 years,"1,998","1,749","1,295",227,227,"1,169",356,223,64.8,58.5
MALE,54 years,"2,060","1,867","1,415",182,270,"1,293",309,265,68.7,62.7
MALE,55 years,"2,099","1,885","1,434",236,216,"1,290",377,218,68.3,61.5
MALE,56 years,"1,962","1,737","1,329",162,247,"1,236",262,240,67.7,63.0
MALE,57 years,"1,939","1,733","1,289",180,263,"1,172",310,251,66.5,60.4
MALE,58 years,"1,768","1,588","1,218",173,197,"1,088",301,199,68.9,61.5
MALE,59 years,"2,072","1,955","1,483",170,302,"1,356",306,293,71.6,65.4
MALE,60 years,"2,122","1,959","1,521",212,226,"1,345",384,230,71.7,63.4
MALE,61 years,"2,012","1,866","1,435",226,205,"1,281",378,207,71.3,63.6
MALE,62 years,"2,094","1,962","1,576",163,222,"1,472",271,219,75.3,70.3
MALE,63 years,"2,011","1,904","1,495",141,268,"1,377",260,267,74.3,68.4
MALE,64 years,"2,016","1,926","1,550",171,205,"1,401",329,196,76.9,69.5
MALE,65 years,"1,815","1,723","1,307",177,240,"1,195",299,229,72.0,65.8
MALE,66 years,"1,881","1,772","1,384",176,212,"1,294",268,210,73.6,68.8
MALE,67 years,"1,878","1,742","1,394",112,236,"1,298",224,221,74.3,69.1
MALE,68 years,"1,815","1,748","1,381",146,221,"1,309",221,218,76.1,72.2
MALE,69 years,"1,751","1,684","1,406",121,157,"1,320",208,156,80.3,75.3
MALE,70 years,"1,687","1,637","1,328",142,167,"1,215",250,173,78.7,72.0
MALE,71 years,"1,546","1,490","1,193",127,170,"1,097",221,173,77.2,70.9
MALE,72 years,"1,523","1,476","1,198",86,192,"1,114",177,185,78.7,73.1
MALE,73 years,"1,373","1,327","1,070",105,151,"1,013",169,145,77.9,73.7
MALE,74 years,"1,282","1,222",997,74,152,956,121,145,77.7,74.5
MALE,75 years,"1,228","1,177",953,90,134,904,144,129,77.6,73.6
MALE,76 years,"1,223","1,176",956,85,135,900,141,135,78.2,73.6
MALE,77 years,"1,334","1,295","1,057",72,166,994,131,170,79.2,74.5
MALE,78 years,990,979,803,61,115,747,123,109,81.1,75.4
MALE,79 years,736,711,606,32,74,566,76,69,82.2,76.9
MALE,80-84 years,"3,268","3,174","2,633",184,357,"2,485",350,338,80.6,76.0
MALE,85 years and over,"2,220","2,143","1,658",138,348,"1,530",271,342,74.7,68.9
FEMALE,Total 18 years and over,"133,637","121,849","91,301","13,253","17,294","81,532","23,461","16,856",68.3,61.0
FEMALE,18 to 24 years,"14,917","13,783","8,304","2,864","2,615","7,064","4,205","2,513",55.7,47.4
FEMALE,25 to 34 years,"22,287","19,697","13,819","2,845","3,032","11,624","5,180","2,892",62.0,52.2
FEMALE,35 to 44 years,"22,286","19,373","14,577","2,173","2,622","12,742","3,999","2,631",65.4,57.2
FEMALE,45 to 54 years,"20,274","18,012","14,100","1,552","2,360","12,721","2,954","2,337",69.5,62.7
FEMALE,55 to 64 years,"21,017","19,468","15,254","1,567","2,646","13,998","2,838","2,631",72.6,66.6
FEMALE,65 to 74 years,"18,684","17,930","14,503","1,237","2,191","13,580","2,195","2,155",77.6,72.7
FEMALE,75 years and over,"14,171","13,587","10,744","1,016","1,827","9,802","2,088","1,697",75.8,69.2
FEMALE,18 years,"2,133","2,018",885,545,587,746,701,570,41.5,35.0
FEMALE,19 years,"2,076","1,937","1,186",437,314,999,649,289,57.1,48.1
FEMALE,20 years,"1,951","1,776","1,050",452,273,900,616,259,53.8,46.2
FEMALE,21 years,"2,270","2,172","1,290",408,473,"1,085",660,427,56.8,47.8
FEMALE,22 years,"2,034","1,851","1,243",291,317,"1,080",465,307,61.1,53.1
FEMALE,23 years,"2,040","1,843","1,217",332,295,"1,044",486,313,59.6,51.2
FEMALE,24 years,"2,415","2,186","1,432",398,356,"1,209",629,349,59.3,50.1
FEMALE,25 years,"1,957","1,781","1,213",278,290,"1,002",515,265,62.0,51.2
FEMALE,26 years,"2,261","1,949","1,365",212,372,"1,190",401,358,60.4,52.6
FEMALE,27 years,"2,173","1,958","1,392",345,221,"1,139",604,216,64.1,52.4
FEMALE,28 years,"2,213","1,992","1,294",350,348,"1,109",576,308,58.5,50.1
FEMALE,29 years,"2,147","1,852","1,313",318,221,"1,090",529,233,61.1,50.8
FEMALE,30 years,"2,458","2,206","1,567",290,348,"1,281",568,357,63.7,52.1
FEMALE,31 years,"2,251","1,984","1,419",282,283,"1,209",516,259,63.1,53.7
FEMALE,32 years,"2,187","1,924","1,414",250,260,"1,199",457,268,64.6,54.8
FEMALE,33 years,"2,215","1,920","1,317",230,373,"1,126",476,318,59.5,50.8
FEMALE,34 years,"2,425","2,130","1,525",290,315,"1,281",538,310,62.9,52.8
FEMALE,35 years,"2,170","1,935","1,410",250,275,"1,162",485,288,65.0,53.5
FEMALE,36 years,"2,162","1,882","1,409",225,248,"1,264",368,250,65.2,58.5
FEMALE,37 years,"2,300","2,030","1,556",246,228,"1,337",473,220,67.6,58.1
FEMALE,38 years,"2,399","2,086","1,548",179,359,"1,381",340,365,64.5,57.6
FEMALE,39 years,"2,265","1,859","1,371",248,240,"1,210",394,255,60.5,53.4
FEMALE,40 years,"2,275","1,984","1,517",248,219,"1,334",446,204,66.7,58.6
FEMALE,41 years,"2,080","1,850","1,440",171,239,"1,298",334,219,69.2,62.4
FEMALE,42 years,"2,118","1,833","1,375",173,285,"1,178",380,275,64.9,55.6
FEMALE,43 years,"2,124","1,820","1,400",196,224,"1,218",358,245,65.9,57.3
FEMALE,44 years,"2,393","2,094","1,552",236,306,"1,361",422,311,64.9,56.9
FEMALE,45 years,"2,102","1,840","1,501",158,180,"1,330",321,188,71.4,63.3
FEMALE,46 years,"2,052","1,821","1,461",183,177,"1,329",332,160,71.2,64.8
FEMALE,47 years,"2,068","1,837","1,405",135,297,"1,226",318,292,67.9,59.3
FEMALE,48 years,"2,045","1,802","1,405",141,256,"1,257",273,272,68.7,61.5
FEMALE,49 years,"1,844","1,584","1,218",127,240,"1,093",255,236,66.0,59.2
FEMALE,50 years,"2,054","1,827","1,383",187,257,"1,268",310,249,67.3,61.7
FEMALE,51 years,"1,908","1,649","1,326",114,208,"1,214",226,209,69.5,63.6
FEMALE,52 years,"1,924","1,715","1,324",158,233,"1,198",279,238,68.8,62.3
FEMALE,53 years,"2,080","1,895","1,449",209,236,"1,304",370,221,69.7,62.7
FEMALE,54 years,"2,198","2,043","1,628",141,274,"1,502",269,272,74.1,68.3
FEMALE,55 years,"2,016","1,847","1,478",107,263,"1,332",245,270,73.3,66.1
FEMALE,56 years,"1,933","1,777","1,401",163,213,"1,310",254,213,72.5,67.8
FEMALE,57 years,"1,935","1,750","1,332",157,261,"1,201",258,290,68.8,62.1
FEMALE,58 years,"2,041","1,851","1,454",164,233,"1,367",280,203,71.2,67.0
FEMALE,59 years,"2,251","2,132","1,658",183,291,"1,506",331,296,73.6,66.9
FEMALE,60 years,"2,107","1,946","1,491",165,289,"1,361",315,269,70.8,64.6
FEMALE,61 years,"2,310","2,154","1,673",137,345,"1,527",302,324,72.4,66.1
FEMALE,62 years,"2,123","1,947","1,560",148,239,"1,446",245,255,73.5,68.1
FEMALE,63 years,"2,054","1,905","1,533",150,222,"1,381",289,234,74.6,67.2
FEMALE,64 years,"2,247","2,160","1,676",193,291,"1,566",318,276,74.6,69.7
FEMALE,65 years,"1,940","1,843","1,472",100,270,"1,388",187,267,75.9,71.6
FEMALE,66 years,"1,987","1,900","1,585",111,204,"1,496",205,199,79.8,75.3
FEMALE,67 years,"2,048","1,946","1,553",155,238,"1,444",255,246,75.8,70.5
FEMALE,68 years,"2,002","1,921","1,530",124,266,"1,432",224,265,76.4,71.5
FEMALE,69 years,"2,023","1,931","1,506",202,224,"1,409",301,221,74.4,69.7
FEMALE,70 years,"1,853","1,777","1,438",148,191,"1,334",250,192,77.6,72.0
FEMALE,71 years,"1,964","1,909","1,512",128,269,"1,427",235,246,77.0,72.7
FEMALE,72 years,"1,687","1,622","1,322",107,192,"1,261",171,189,78.4,74.8
FEMALE,73 years,"1,572","1,522","1,275",72,174,"1,193",162,167,81.1,75.9
FEMALE,74 years,"1,610","1,560","1,309",89,162,"1,195",203,162,81.3,74.2
FEMALE,75 years,"1,532","1,465","1,171",112,182,"1,088",208,169,76.4,71.0
FEMALE,76 years,"1,434","1,372","1,123",79,171,"1,062",143,167,78.3,74.1
FEMALE,77 years,"1,463","1,413","1,177",78,157,"1,109",150,154,80.5,75.8
FEMALE,78 years,"1,188","1,139",946,61,132,843,177,119,79.7,71.0
FEMALE,79 years,906,877,694,69,114,617,164,96,76.6,68.1
FEMALE,80-84 years,"3,975","3,817","3,034",274,510,"2,765",578,475,76.3,69.6
FEMALE,85 years and over,"3,674","3,503","2,599",343,561,"2,318",668,517,70.7,63.1
,,,,,,,,,,,
"1 'No response to registration' includes those who were not asked if they were registered as well as those who responded 'Don't Know,' and 'Refused.'",,,,,,,,,,,
"2 'No response to voting' includes those who were not asked if they voted as well as those who responded  'Don't Know,' and 'Refused.'",,,,,,,,,,,
NOTES:,,,,,,,,,,,
Estimates may not sum to totals due to rounding.,,,,,,,,,,,
"Information on confidentiality protection, sampling error, nonsampling error, and definitions is available at <https://www.census.gov/programs-surveys/cps/technical-documentation/complete.24.html>",,,,,,,,,,,
"Source: U.S. Census Bureau, Current Population Survey Public-Use Data, November 2024",,,,,,,,,,,
